{
    "_allocate_inputs": 4,
    "_allocate_outputs": 4,
    "cli_parameters": "generate --name aizgt6 -m D:/letter_recognition_model.onnx --type onnx --compression none --verbosity 1 --workspace C:\\Users\\DELL\\AppData\\Local\\Temp\\mxAI_workspace412501924839005637690217707730584 --output C:\\Users\\DELL\\.stm32cubemx\\network_output --allocate-inputs --series stm32f4 --allocate-outputs",
    "cli_version": {
        "major": 1,
        "micro": 0,
        "minor": 7
    },
    "cli_version_str": "1.7.0",
    "code_size": 0,
    "compression": {
        "factor": null,
        "layers": {}
    },
    "date_time": "Tue Apr 22 23:51:39 2025",
    "error": 0,
    "error_str": [],
    "exec_cmd": "generate",
    "exec_duration": 0.0,
    "hash": "2021233005a74ce0450f143ace4d1bfc",
    "inputs": [
        "input"
    ],
    "layers": [
        {
            "c_id": [
                0
            ],
            "extras": {
                "n_macc": 0,
                "n_params": 320,
                "psize": 1280,
                "rom_size": 1536
            },
            "id": 1,
            "inputs": [],
            "name": "sequential_dense_MatMul_ReadVariableOp0",
            "original": "Gemm",
            "type": "Placeholder"
        },
        {
            "c_id": [],
            "extras": {
                "n_macc": 0,
                "n_params": 64,
                "psize": 256,
                "rom_size": 0
            },
            "id": 1,
            "inputs": [],
            "name": "sequential_dense_BiasAdd_ReadVariableOp0",
            "original": "Gemm",
            "type": "Placeholder"
        },
        {
            "c_id": [],
            "extras": {
                "n_macc": 0,
                "n_params": 4096,
                "psize": 16384,
                "rom_size": 0
            },
            "id": 3,
            "inputs": [],
            "name": "sequential_dense_1_MatMul_ReadVariableOp0",
            "original": "MatMul",
            "type": "Placeholder"
        },
        {
            "c_id": [
                2
            ],
            "extras": {
                "n_macc": 0,
                "n_params": 64,
                "psize": 256,
                "rom_size": 16640
            },
            "id": 4,
            "inputs": [],
            "name": "sequential_dense_1_BiasAdd_ReadVariableOp0",
            "original": "Add",
            "type": "Placeholder"
        },
        {
            "c_id": [],
            "extras": {
                "n_macc": 0,
                "n_params": 1792,
                "psize": 7168,
                "rom_size": 0
            },
            "id": 6,
            "inputs": [],
            "name": "sequential_dense_2_MatMul_ReadVariableOp0",
            "original": "MatMul",
            "type": "Placeholder"
        },
        {
            "c_id": [
                4
            ],
            "extras": {
                "n_macc": 0,
                "n_params": 28,
                "psize": 112,
                "rom_size": 7280
            },
            "id": 7,
            "inputs": [],
            "name": "sequential_dense_2_BiasAdd_ReadVariableOp0",
            "original": "Add",
            "type": "Placeholder"
        },
        {
            "c_id": [],
            "extras": {
                "n_macc": 0,
                "n_params": 0,
                "psize": 0,
                "rom_output": {
                    "c_size": 20,
                    "fmt": {
                        "format": "float"
                    },
                    "shape": [
                        5,
                        1
                    ]
                },
                "rom_size": 0
            },
            "id": 0,
            "inputs": [],
            "name": "input",
            "original": "",
            "type": "Input"
        },
        {
            "c_id": [],
            "extras": {
                "n_macc": 384,
                "n_params": 0,
                "psize": 0,
                "rom_output": {
                    "c_size": 256,
                    "fmt": {
                        "format": "float"
                    },
                    "shape": [
                        64,
                        1
                    ]
                },
                "rom_size": 0
            },
            "id": 1,
            "inputs": [
                "input",
                "sequential_dense_MatMul_ReadVariableOp0",
                "sequential_dense_BiasAdd_ReadVariableOp0"
            ],
            "name": "sequential_dense_BiasAdd0",
            "original": "Gemm",
            "type": "Gemm"
        },
        {
            "c_id": [
                1
            ],
            "extras": {
                "n_macc": 64,
                "n_params": 0,
                "psize": 0,
                "rom_output": {
                    "c_size": 256,
                    "fmt": {
                        "format": "float"
                    },
                    "shape": [
                        64,
                        1
                    ]
                },
                "rom_size": 0
            },
            "id": 2,
            "inputs": [
                "sequential_dense_BiasAdd0"
            ],
            "name": "sequential_dense_Relu0",
            "original": "Relu",
            "type": "Nonlinearity"
        },
        {
            "c_id": [],
            "extras": {
                "n_macc": 4160,
                "n_params": 0,
                "psize": 0,
                "rom_output": {
                    "c_size": 256,
                    "fmt": {
                        "format": "float"
                    },
                    "shape": [
                        64,
                        1
                    ]
                },
                "rom_size": 0
            },
            "id": 3,
            "inputs": [
                "sequential_dense_Relu0",
                "sequential_dense_1_MatMul_ReadVariableOp0"
            ],
            "name": "sequential_dense_1_MatMul0",
            "original": "MatMul",
            "type": "Gemm"
        },
        {
            "c_id": [],
            "extras": {
                "n_macc": 64,
                "n_params": 0,
                "psize": 0,
                "rom_size": 0
            },
            "id": 4,
            "inputs": [
                "sequential_dense_1_MatMul0",
                "sequential_dense_1_BiasAdd_ReadVariableOp0"
            ],
            "name": "sequential_dense_1_BiasAdd0",
            "original": "Add",
            "type": "Eltwise"
        },
        {
            "c_id": [
                3
            ],
            "extras": {
                "n_macc": 64,
                "n_params": 0,
                "psize": 0,
                "rom_output": {
                    "c_size": 256,
                    "fmt": {
                        "format": "float"
                    },
                    "shape": [
                        64,
                        1
                    ]
                },
                "rom_size": 0
            },
            "id": 5,
            "inputs": [
                "sequential_dense_1_BiasAdd0"
            ],
            "name": "sequential_dense_1_Relu0",
            "original": "Relu",
            "type": "Nonlinearity"
        },
        {
            "c_id": [],
            "extras": {
                "n_macc": 1820,
                "n_params": 0,
                "psize": 0,
                "rom_output": {
                    "c_size": 112,
                    "fmt": {
                        "format": "float"
                    },
                    "shape": [
                        28,
                        1
                    ]
                },
                "rom_size": 0
            },
            "id": 6,
            "inputs": [
                "sequential_dense_1_Relu0",
                "sequential_dense_2_MatMul_ReadVariableOp0"
            ],
            "name": "sequential_dense_2_MatMul0",
            "original": "MatMul",
            "type": "Gemm"
        },
        {
            "c_id": [],
            "extras": {
                "n_macc": 28,
                "n_params": 0,
                "psize": 0,
                "rom_size": 0
            },
            "id": 7,
            "inputs": [
                "sequential_dense_2_MatMul0",
                "sequential_dense_2_BiasAdd_ReadVariableOp0"
            ],
            "name": "sequential_dense_2_BiasAdd0",
            "original": "Add",
            "type": "Eltwise"
        },
        {
            "c_id": [
                5
            ],
            "extras": {
                "n_macc": 420,
                "n_params": 0,
                "psize": 0,
                "rom_output": {
                    "c_size": 112,
                    "fmt": {
                        "format": "float"
                    },
                    "shape": [
                        28,
                        1
                    ]
                },
                "rom_size": 0
            },
            "id": 8,
            "inputs": [
                "sequential_dense_2_BiasAdd0"
            ],
            "name": "dense_2",
            "original": "Softmax",
            "type": "Nonlinearity"
        }
    ],
    "model_files": [
        "D:\\letter_recognition_model.onnx"
    ],
    "model_n_params": 6364,
    "model_name": "letter_recognition_model",
    "model_size": 25456,
    "model_type": "onnx",
    "name": "aizgt6",
    "outputs": [
        "dense_2"
    ],
    "ram_io_size": [
        20,
        112
    ],
    "ram_size": [
        512,
        512
    ],
    "report_version": 1.1,
    "rom_cfact": 1.0,
    "rom_heap_inspector": 2048,
    "rom_inputs": [
        {
            "c_size": 20,
            "c_type": "float",
            "name": "input"
        }
    ],
    "rom_n_macc": 6912,
    "rom_outputs": [
        {
            "c_size": 112,
            "c_type": "float",
            "name": "dense_2"
        }
    ],
    "rom_size": 25456,
    "strategy": "heap_overlay",
    "tools_api_version": {
        "major": 1,
        "micro": 0,
        "minor": 7
    },
    "tools_version": {
        "extra": "19520",
        "major": 8,
        "micro": 0,
        "minor": 1
    },
    "val_error": -1.0,
    "val_error_desc": "None (None) #-1",
    "val_metrics": []
}