{
    "outputs": ["dense_2_output"],
    "c_layers": [
        {
            "next": "sequential_dense_Relu0",
            "rom": 1536,
            "op_by_type": {"smul_f32_f32": 384},
            "c_forward": "forward_dense",
            "c_code_emit": true,
            "macc": 384,
            "name": "sequential_dense_BiasAdd0",
            "c_id": 0,
            "tensors": {
                "outputs": ["sequential_dense_BiasAdd0_output"],
                "inputs": ["input_output"],
                "scratchs": [],
                "weights": [
                    "sequential_dense_BiasAdd0_weights",
                    "sequential_dense_BiasAdd0_bias"
                ]
            },
            "weight_sparsity": [
                0.0625,
                384,
                24
            ],
            "layer_type": "dense",
            "m_id": 1
        },
        {
            "next": "sequential_dense_1_MatMul0",
            "rom": 0,
            "op_by_type": {"op_f32_f32": 64},
            "c_forward": "forward_relu",
            "c_code_emit": true,
            "macc": 64,
            "name": "sequential_dense_Relu0",
            "c_id": 1,
            "tensors": {
                "outputs": ["sequential_dense_Relu0_output"],
                "inputs": ["sequential_dense_BiasAdd0_output"],
                "scratchs": [],
                "weights": []
            },
            "weight_sparsity": [
                0,
                1,
                0
            ],
            "layer_type": "nl",
            "m_id": 2
        },
        {
            "next": "sequential_dense_1_Relu0",
            "rom": 16640,
            "op_by_type": {"smul_f32_f32": 4160},
            "c_forward": "forward_dense",
            "c_code_emit": true,
            "macc": 4160,
            "name": "sequential_dense_1_MatMul0",
            "c_id": 2,
            "tensors": {
                "outputs": ["sequential_dense_1_MatMul0_output"],
                "inputs": ["sequential_dense_Relu0_output"],
                "scratchs": [],
                "weights": [
                    "sequential_dense_1_MatMul0_weights",
                    "sequential_dense_1_MatMul0_bias"
                ]
            },
            "weight_sparsity": [
                0.006490384615384648,
                4160,
                27
            ],
            "layer_type": "dense",
            "m_id": 4
        },
        {
            "next": "sequential_dense_2_MatMul0",
            "rom": 0,
            "op_by_type": {"op_f32_f32": 64},
            "c_forward": "forward_relu",
            "c_code_emit": true,
            "macc": 64,
            "name": "sequential_dense_1_Relu0",
            "c_id": 3,
            "tensors": {
                "outputs": ["sequential_dense_1_Relu0_output"],
                "inputs": ["sequential_dense_1_MatMul0_output"],
                "scratchs": [],
                "weights": []
            },
            "weight_sparsity": [
                0,
                1,
                0
            ],
            "layer_type": "nl",
            "m_id": 5
        },
        {
            "next": "dense_2",
            "rom": 7280,
            "op_by_type": {"smul_f32_f32": 1820},
            "c_forward": "forward_dense",
            "c_code_emit": true,
            "macc": 1820,
            "name": "sequential_dense_2_MatMul0",
            "c_id": 4,
            "tensors": {
                "outputs": ["sequential_dense_2_MatMul0_output"],
                "inputs": ["sequential_dense_1_Relu0_output"],
                "scratchs": [],
                "weights": [
                    "sequential_dense_2_MatMul0_weights",
                    "sequential_dense_2_MatMul0_bias"
                ]
            },
            "weight_sparsity": [
                0,
                1820,
                0
            ],
            "layer_type": "dense",
            "m_id": 7
        },
        {
            "next": "dense_2",
            "rom": 0,
            "op_by_type": {"op_f32_f32": 420},
            "c_forward": "forward_sm",
            "c_code_emit": true,
            "macc": 420,
            "name": "dense_2",
            "c_id": 5,
            "tensors": {
                "outputs": ["dense_2_output"],
                "inputs": ["sequential_dense_2_MatMul0_output"],
                "scratchs": [],
                "weights": []
            },
            "weight_sparsity": [
                0,
                1,
                0
            ],
            "layer_type": "nl",
            "m_id": 8
        }
    ],
    "data_alignment": 4,
    "compilation_options": {
        "optimization": "balanced",
        "options": [
            "allocate-inputs",
            "allocate-outputs"
        ],
        "compression": "none"
    },
    "inputs": ["input_output"],
    "macc": 6912,
    "c_weights_header": 0,
    "activations_alignment": 4,
    "c_nodes_n": 6,
    "c_tensors_n": 13,
    "type": "onnx",
    "c_arrays": [
        {
            "mem_pool": "activations",
            "offset": 112,
            "is_const": false,
            "format": "float32",
            "n_items": 28,
            "tensors": [{
                "shape": [
                    1,
                    28
                ],
                "name": "dense_2_output"
            }],
            "raw_fmt": "(FLOAT, 32 bit, C Size: 32 bits)",
            "c_mem_pool": "**default**",
            "padded": true,
            "size": 28,
            "c_type": "float",
            "name": "dense_2_output_array",
            "c_id": 0,
            "c_bits": 32,
            "c_size_in_byte": 112,
            "io_type": "output"
        },
        {
            "mem_pool": "weights",
            "offset": 0,
            "is_const": true,
            "format": "float32",
            "n_items": 320,
            "tensors": [{
                "shape": [
                    5,
                    64
                ],
                "name": "sequential_dense_BiasAdd0_weights"
            }],
            "zeros": 0,
            "raw_fmt": "(FLOAT, 32 bit, C Size: 32 bits)",
            "c_mem_pool": "weights",
            "padded": true,
            "size": 320,
            "c_type": "const float",
            "name": "sequential_dense_BiasAdd0_weights_array",
            "c_id": 1,
            "c_bits": 32,
            "c_size_in_byte": 1280
        },
        {
            "mem_pool": "weights",
            "offset": 1280,
            "is_const": true,
            "format": "float32",
            "n_items": 64,
            "tensors": [{
                "shape": [64],
                "name": "sequential_dense_BiasAdd0_bias"
            }],
            "zeros": 24,
            "raw_fmt": "(FLOAT, 32 bit, C Size: 32 bits)",
            "c_mem_pool": "weights",
            "padded": true,
            "size": 64,
            "c_type": "const float",
            "name": "sequential_dense_BiasAdd0_bias_array",
            "c_id": 2,
            "c_bits": 32,
            "c_size_in_byte": 256
        },
        {
            "mem_pool": "weights",
            "offset": 1536,
            "is_const": true,
            "format": "float32",
            "n_items": 4096,
            "tensors": [{
                "shape": [
                    64,
                    64
                ],
                "name": "sequential_dense_1_MatMul0_weights"
            }],
            "zeros": 0,
            "raw_fmt": "(FLOAT, 32 bit, C Size: 32 bits)",
            "c_mem_pool": "weights",
            "padded": true,
            "size": 4096,
            "c_type": "const float",
            "name": "sequential_dense_1_MatMul0_weights_array",
            "c_id": 3,
            "c_bits": 32,
            "c_size_in_byte": 16384
        },
        {
            "mem_pool": "weights",
            "offset": 17920,
            "is_const": true,
            "format": "float32",
            "n_items": 64,
            "tensors": [{
                "shape": [64],
                "name": "sequential_dense_1_MatMul0_bias"
            }],
            "zeros": 27,
            "raw_fmt": "(FLOAT, 32 bit, C Size: 32 bits)",
            "c_mem_pool": "weights",
            "padded": true,
            "size": 64,
            "c_type": "const float",
            "name": "sequential_dense_1_MatMul0_bias_array",
            "c_id": 4,
            "c_bits": 32,
            "c_size_in_byte": 256
        },
        {
            "mem_pool": "weights",
            "offset": 18176,
            "is_const": true,
            "format": "float32",
            "n_items": 1792,
            "tensors": [{
                "shape": [
                    64,
                    28
                ],
                "name": "sequential_dense_2_MatMul0_weights"
            }],
            "zeros": 0,
            "raw_fmt": "(FLOAT, 32 bit, C Size: 32 bits)",
            "c_mem_pool": "weights",
            "padded": true,
            "size": 1792,
            "c_type": "const float",
            "name": "sequential_dense_2_MatMul0_weights_array",
            "c_id": 5,
            "c_bits": 32,
            "c_size_in_byte": 7168
        },
        {
            "mem_pool": "weights",
            "offset": 25344,
            "is_const": true,
            "format": "float32",
            "n_items": 28,
            "tensors": [{
                "shape": [28],
                "name": "sequential_dense_2_MatMul0_bias"
            }],
            "zeros": 0,
            "raw_fmt": "(FLOAT, 32 bit, C Size: 32 bits)",
            "c_mem_pool": "weights",
            "padded": true,
            "size": 28,
            "c_type": "const float",
            "name": "sequential_dense_2_MatMul0_bias_array",
            "c_id": 6,
            "c_bits": 32,
            "c_size_in_byte": 112
        },
        {
            "mem_pool": "activations",
            "offset": 236,
            "is_const": false,
            "format": "float32",
            "n_items": 5,
            "tensors": [{
                "shape": [
                    1,
                    5
                ],
                "name": "input_output"
            }],
            "raw_fmt": "(FLOAT, 32 bit, C Size: 32 bits)",
            "c_mem_pool": "**default**",
            "padded": true,
            "size": 5,
            "c_type": "float",
            "name": "input_output_array",
            "c_id": 7,
            "c_bits": 32,
            "c_size_in_byte": 20,
            "io_type": "input"
        },
        {
            "mem_pool": "activations",
            "offset": 256,
            "is_const": false,
            "format": "float32",
            "n_items": 64,
            "tensors": [{
                "shape": [
                    1,
                    64
                ],
                "name": "sequential_dense_BiasAdd0_output"
            }],
            "raw_fmt": "(FLOAT, 32 bit, C Size: 32 bits)",
            "c_mem_pool": "**default**",
            "padded": true,
            "size": 64,
            "c_type": "float",
            "name": "sequential_dense_BiasAdd0_output_array",
            "c_id": 8,
            "c_bits": 32,
            "c_size_in_byte": 256
        },
        {
            "mem_pool": "activations",
            "offset": 256,
            "is_const": false,
            "format": "float32",
            "n_items": 64,
            "tensors": [{
                "shape": [
                    1,
                    64
                ],
                "name": "sequential_dense_Relu0_output"
            }],
            "raw_fmt": "(FLOAT, 32 bit, C Size: 32 bits)",
            "c_mem_pool": "**default**",
            "padded": true,
            "size": 64,
            "c_type": "float",
            "name": "sequential_dense_Relu0_output_array",
            "c_id": 9,
            "c_bits": 32,
            "c_size_in_byte": 256
        },
        {
            "mem_pool": "activations",
            "offset": 0,
            "is_const": false,
            "format": "float32",
            "n_items": 64,
            "tensors": [{
                "shape": [
                    1,
                    64
                ],
                "name": "sequential_dense_1_MatMul0_output"
            }],
            "raw_fmt": "(FLOAT, 32 bit, C Size: 32 bits)",
            "c_mem_pool": "**default**",
            "padded": true,
            "size": 64,
            "c_type": "float",
            "name": "sequential_dense_1_MatMul0_output_array",
            "c_id": 10,
            "c_bits": 32,
            "c_size_in_byte": 256
        },
        {
            "mem_pool": "activations",
            "offset": 256,
            "is_const": false,
            "format": "float32",
            "n_items": 64,
            "tensors": [{
                "shape": [
                    1,
                    64
                ],
                "name": "sequential_dense_1_Relu0_output"
            }],
            "raw_fmt": "(FLOAT, 32 bit, C Size: 32 bits)",
            "c_mem_pool": "**default**",
            "padded": true,
            "size": 64,
            "c_type": "float",
            "name": "sequential_dense_1_Relu0_output_array",
            "c_id": 11,
            "c_bits": 32,
            "c_size_in_byte": 256
        },
        {
            "mem_pool": "activations",
            "offset": 0,
            "is_const": false,
            "format": "float32",
            "n_items": 28,
            "tensors": [{
                "shape": [
                    1,
                    28
                ],
                "name": "sequential_dense_2_MatMul0_output"
            }],
            "raw_fmt": "(FLOAT, 32 bit, C Size: 32 bits)",
            "c_mem_pool": "**default**",
            "padded": true,
            "size": 28,
            "c_type": "float",
            "name": "sequential_dense_2_MatMul0_output_array",
            "c_id": 12,
            "c_bits": 32,
            "c_size_in_byte": 112
        }
    ],
    "c_activations_count": 1,
    "date_time": "Tue Apr 22 23:51:39 2025",
    "model_name": "letter_recognition_model",
    "tool_version": {
        "major": 1,
        "minor": 7,
        "micro": 0
    },
    "c_intq_n": 0,
    "stm_ai_version": {
        "major": 8,
        "minor": 1,
        "micro": 0,
        "extra": "19520"
    },
    "model_fmt": "float",
    "c_weights_count": 1,
    "weights": {"weights_array": {
        "buffer_data_size": 25456,
        "buffer_crc": 0,
        "pool_size": 25456,
        "buffer_c_type": "u64",
        "buffer_c_name": "s_aizgt6_weights_array_u64",
        "buffer_offsets": [
            {
                "lite_tag": null,
                "offset": 0,
                "size": 1280,
                "start_offset": 0,
                "buffer_name": "sequential_dense_BiasAdd0_weights_array"
            },
            {
                "lite_tag": null,
                "offset": 1280,
                "size": 256,
                "start_offset": 1280,
                "buffer_name": "sequential_dense_BiasAdd0_bias_array"
            },
            {
                "lite_tag": null,
                "offset": 1536,
                "size": 16384,
                "start_offset": 1536,
                "buffer_name": "sequential_dense_1_MatMul0_weights_array"
            },
            {
                "lite_tag": null,
                "offset": 17920,
                "size": 256,
                "start_offset": 17920,
                "buffer_name": "sequential_dense_1_MatMul0_bias_array"
            },
            {
                "lite_tag": null,
                "offset": 18176,
                "size": 7168,
                "start_offset": 18176,
                "buffer_name": "sequential_dense_2_MatMul0_weights_array"
            },
            {
                "lite_tag": null,
                "offset": 25344,
                "size": 112,
                "start_offset": 25344,
                "buffer_name": "sequential_dense_2_MatMul0_bias_array"
            }
        ],
        "buffer_c_name_addr": "s_aizgt6_weights_array_u64",
        "buffer_c_count": 3182,
        "pool_id": 0,
        "buffer_c_data": []
    }},
    "memory_footprint": {
        "kernel_ram": 1984,
        "kernel_flash": 11154,
        "io": [
            0,
            0
        ],
        "series": "generic",
        "activations": 512,
        "weights": 25456
    },
    "version": "1.2",
    "tool_api_version": {
        "major": 1,
        "minor": 5,
        "micro": 0
    },
    "model_signature": "2021233005a74ce0450f143ace4d1bfc",
    "params_alignment": 4,
    "activations": {"heap_overlay_pool": {
        "buffer_data_size": 0,
        "pool_size": 512,
        "buffer_c_name": "NULL",
        "buffer_offsets": [
            {
                "lite_tag": null,
                "offset": 236,
                "size": 20,
                "start_offset": 236,
                "buffer_name": "input_output_array"
            },
            {
                "lite_tag": null,
                "offset": 256,
                "size": 256,
                "start_offset": 256,
                "buffer_name": "sequential_dense_BiasAdd0_output_array"
            },
            {
                "lite_tag": null,
                "offset": 256,
                "size": 256,
                "start_offset": 256,
                "buffer_name": "sequential_dense_Relu0_output_array"
            },
            {
                "lite_tag": null,
                "offset": 0,
                "size": 256,
                "start_offset": 0,
                "buffer_name": "sequential_dense_1_MatMul0_output_array"
            },
            {
                "lite_tag": null,
                "offset": 256,
                "size": 256,
                "start_offset": 256,
                "buffer_name": "sequential_dense_1_Relu0_output_array"
            },
            {
                "lite_tag": null,
                "offset": 0,
                "size": 112,
                "start_offset": 0,
                "buffer_name": "sequential_dense_2_MatMul0_output_array"
            },
            {
                "lite_tag": null,
                "offset": 112,
                "size": 112,
                "start_offset": 112,
                "buffer_name": "dense_2_output_array"
            }
        ],
        "buffer_c_name_addr": "NULL",
        "pool_id": 0
    }},
    "c_arrays_n": 13,
    "c_name": "aizgt6",
    "memory_pools": []
}